"origen","reservada","correlacion","count"
post_facebook,aborto,violencia,91
post_facebook,adolescente,violencia,76
post_facebook,alcohol,violencia,47
post_facebook,amigos,violencia,167
post_facebook,arte,violencia,33
post_facebook,botija,violencia,27
post_facebook,creatividad,violencia,28
post_facebook,delito,violencia,220
post_facebook,deporte,violencia,329
post_facebook,derechos,violencia,"1,328"
post_facebook,diversión,violencia,2
post_facebook,drogas,violencia,125
post_facebook,educación,violencia,713
post_facebook,esperanza,violencia,150
post_facebook,estudiante,violencia,21
post_facebook,familia,violencia,532
post_facebook,fútbol,violencia,267
post_facebook,futuro,violencia,245
post_facebook,hurto,violencia,10
post_facebook,infracción,violencia,5
post_facebook,innovación,violencia,12
post_facebook,joven,violencia,100
post_facebook,jóvenes,violencia,717
post_facebook,juventud,violencia,71
post_facebook,juventudes,violencia,6
post_facebook,libertad,violencia,762
post_facebook,menores,violencia,857
post_facebook,música,violencia,48
post_facebook,pibe,violencia,13
post_facebook,rapiña,violencia,67
post_facebook,revolución,violencia,54
post_facebook,robo,violencia,40
post_facebook,salud,violencia,376
post_facebook,sexo,violencia,187
post_facebook,sexualidad,violencia,11
post_facebook,tecnología,violencia,45
post_facebook,trabajador,violencia,20
post_facebook,violencia,violencia,"11,398"
twitter,adolescente,violencia,3
twitter,alcohol,violencia,1
twitter,amigos,violencia,2
twitter,arte,violencia,4
twitter,creatividad,violencia,1
twitter,delito,violencia,2
twitter,deporte,violencia,25
twitter,derechos,violencia,6
twitter,drogas,violencia,9
twitter,educación,violencia,4
twitter,esperanza,violencia,1
twitter,familia,violencia,12
twitter,fútbol,violencia,71
twitter,futuro,violencia,1
twitter,hurto,violencia,1
twitter,jóvenes,violencia,5
twitter,menores,violencia,2
twitter,música,violencia,1
twitter,pibe,violencia,1
twitter,robo,violencia,2
twitter,salud,violencia,3
twitter,sexo,violencia,1
twitter,violencia,violencia,"1,086"
post_facebook,aborto,trabajador,4
post_facebook,adolescente,trabajador,1
post_facebook,alcohol,trabajador,3
post_facebook,amigos,trabajador,27
post_facebook,arte,trabajador,7
post_facebook,creatividad,trabajador,1
post_facebook,delito,trabajador,25
post_facebook,deporte,trabajador,2
post_facebook,derechos,trabajador,108
post_facebook,drogas,trabajador,6
post_facebook,educación,trabajador,56
post_facebook,esperanza,trabajador,20
post_facebook,estudiante,trabajador,11
post_facebook,familia,trabajador,104
post_facebook,fútbol,trabajador,13
post_facebook,futuro,trabajador,44
post_facebook,guacho,trabajador,3
post_facebook,hurto,trabajador,6
post_facebook,innovación,trabajador,2
post_facebook,joven,trabajador,43
post_facebook,jóvenes,trabajador,76
post_facebook,juventud,trabajador,19
post_facebook,libertad,trabajador,47
post_facebook,menores,trabajador,29
post_facebook,música,trabajador,3
post_facebook,plancha,trabajador,1
post_facebook,porro,trabajador,3
post_facebook,rapiña,trabajador,10
post_facebook,revolución,trabajador,3
post_facebook,robo,trabajador,29
post_facebook,salud,trabajador,126
post_facebook,sexo,trabajador,5
post_facebook,sexualidad,trabajador,1
post_facebook,tecnología,trabajador,16
post_facebook,trabajador,trabajador,852
post_facebook,violencia,trabajador,20
twitter,educación,trabajador,1
twitter,familia,trabajador,7
twitter,futuro,trabajador,2
twitter,gurí,trabajador,2
twitter,joven,trabajador,2
twitter,jóvenes,trabajador,1
twitter,libertad,trabajador,7
twitter,menores,trabajador,1
twitter,trabajador,trabajador,135
post_facebook,aborto,tecnología,14
post_facebook,adolescente,tecnología,10
post_facebook,alcohol,tecnología,12
post_facebook,amigos,tecnología,41
post_facebook,arte,tecnología,62
post_facebook,creatividad,tecnología,19
post_facebook,delito,tecnología,19
post_facebook,deporte,tecnología,43
post_facebook,derechos,tecnología,116
post_facebook,diversión,tecnología,2
post_facebook,drogas,tecnología,23
post_facebook,educación,tecnología,224
post_facebook,esperanza,tecnología,36
post_facebook,estudiante,tecnología,29
post_facebook,familia,tecnología,70
post_facebook,fútbol,tecnología,39
post_facebook,futuro,tecnología,108
post_facebook,hurto,tecnología,3
post_facebook,innovación,tecnología,128
post_facebook,joven,tecnología,41
post_facebook,jóvenes,tecnología,116
post_facebook,juventud,tecnología,9
post_facebook,libertad,tecnología,57
post_facebook,menores,tecnología,11
post_facebook,música,tecnología,54
post_facebook,pibe,tecnología,1
post_facebook,revolución,tecnología,6
post_facebook,robo,tecnología,4
post_facebook,salud,tecnología,208
post_facebook,sexo,tecnología,11
post_facebook,sexualidad,tecnología,4
post_facebook,tecnología,tecnología,"1,977"
post_facebook,trabajador,tecnología,16
post_facebook,violencia,tecnología,45
twitter,alcohol,tecnología,1
twitter,arte,tecnología,5
twitter,creatividad,tecnología,1
twitter,deporte,tecnología,1
twitter,educación,tecnología,19
twitter,fútbol,tecnología,6
twitter,futuro,tecnología,7
twitter,innovación,tecnología,29
twitter,joven,tecnología,1
twitter,jóvenes,tecnología,7
twitter,música,tecnología,5
twitter,revolución,tecnología,1
twitter,robo,tecnología,1
twitter,tecnología,tecnología,388
post_facebook,aborto,sexualidad,14
post_facebook,adolescente,sexualidad,2
post_facebook,alcohol,sexualidad,2
post_facebook,amigos,sexualidad,6
post_facebook,arte,sexualidad,4
post_facebook,creatividad,sexualidad,1
post_facebook,delito,sexualidad,1
post_facebook,derechos,sexualidad,12
post_facebook,diversión,sexualidad,1
post_facebook,drogas,sexualidad,3
post_facebook,educación,sexualidad,25
post_facebook,esperanza,sexualidad,2
post_facebook,familia,sexualidad,27
post_facebook,futuro,sexualidad,4
post_facebook,joven,sexualidad,5
post_facebook,jóvenes,sexualidad,13
post_facebook,juventud,sexualidad,2
post_facebook,libertad,sexualidad,1
post_facebook,menores,sexualidad,4
post_facebook,música,sexualidad,1
post_facebook,robo,sexualidad,1
post_facebook,salud,sexualidad,12
post_facebook,sexo,sexualidad,32
post_facebook,sexualidad,sexualidad,232
post_facebook,tecnología,sexualidad,4
post_facebook,trabajador,sexualidad,1
post_facebook,violencia,sexualidad,11
twitter,arte,sexualidad,1
twitter,derechos,sexualidad,4
twitter,educación,sexualidad,2
twitter,futuro,sexualidad,1
twitter,juventud,sexualidad,2
twitter,salud,sexualidad,1
twitter,sexualidad,sexualidad,28
post_facebook,aborto,sexo,44
post_facebook,adolescente,sexo,7
post_facebook,alcohol,sexo,8
post_facebook,amigos,sexo,40
post_facebook,arte,sexo,13
post_facebook,delito,sexo,17
post_facebook,deporte,sexo,5
post_facebook,derechos,sexo,161
post_facebook,diversión,sexo,1
post_facebook,drogas,sexo,26
post_facebook,educación,sexo,130
post_facebook,esperanza,sexo,5
post_facebook,familia,sexo,64
post_facebook,fútbol,sexo,41
post_facebook,futuro,sexo,22
post_facebook,innovación,sexo,1
post_facebook,joven,sexo,45
post_facebook,jóvenes,sexo,31
post_facebook,juventud,sexo,6
post_facebook,libertad,sexo,43
post_facebook,menores,sexo,23
post_facebook,música,sexo,8
post_facebook,pibe,sexo,4
post_facebook,revolución,sexo,1
post_facebook,robo,sexo,22
post_facebook,salud,sexo,96
post_facebook,sexo,sexo,"1,446"
post_facebook,sexualidad,sexo,32
post_facebook,tecnología,sexo,11
post_facebook,trabajador,sexo,5
post_facebook,violencia,sexo,187
twitter,alcohol,sexo,1
twitter,drogas,sexo,1
twitter,educación,sexo,1
twitter,fútbol,sexo,2
twitter,futuro,sexo,2
twitter,jóvenes,sexo,1
twitter,menores,sexo,2
twitter,música,sexo,1
twitter,salud,sexo,2
twitter,sexo,sexo,203
twitter,violencia,sexo,1
post_facebook,aborto,salud,564
post_facebook,adolescente,salud,103
post_facebook,alcohol,salud,121
post_facebook,amigos,salud,553
post_facebook,arte,salud,34
post_facebook,botija,salud,1
post_facebook,creatividad,salud,3
post_facebook,delito,salud,137
post_facebook,deporte,salud,89
post_facebook,derechos,salud,"1,082"
post_facebook,diversión,salud,4
post_facebook,drogas,salud,614
post_facebook,educación,salud,"1,022"
post_facebook,esperanza,salud,294
post_facebook,estudiante,salud,39
post_facebook,familia,salud,855
post_facebook,fecundidad,salud,2
post_facebook,fútbol,salud,66
post_facebook,futuro,salud,474
post_facebook,hurto,salud,12
post_facebook,infracción,salud,2
post_facebook,innovación,salud,59
post_facebook,joven,salud,185
post_facebook,jóvenes,salud,730
post_facebook,juventud,salud,108
post_facebook,juventudes,salud,28
post_facebook,libertad,salud,288
post_facebook,menores,salud,223
post_facebook,música,salud,99
post_facebook,pibe,salud,2
post_facebook,plancha,salud,2
post_facebook,porro,salud,11
post_facebook,rapiña,salud,6
post_facebook,revolución,salud,46
post_facebook,robo,salud,26
post_facebook,salud,salud,"12,267"
post_facebook,sexo,salud,96
post_facebook,sexualidad,salud,12
post_facebook,tecnología,salud,208
post_facebook,trabajador,salud,126
post_facebook,violencia,salud,376
twitter,aborto,salud,3
twitter,adolescente,salud,2
twitter,alcohol,salud,3
twitter,amigos,salud,15
twitter,arte,salud,2
twitter,deporte,salud,4
twitter,derechos,salud,11
twitter,drogas,salud,2
twitter,educación,salud,57
twitter,familia,salud,6
twitter,fútbol,salud,12
twitter,futuro,salud,10
twitter,innovación,salud,1
twitter,jóvenes,salud,15
twitter,juventud,salud,2
twitter,libertad,salud,3
twitter,música,salud,3
twitter,robo,salud,1
twitter,salud,salud,"1,329"
twitter,sexo,salud,2
twitter,sexualidad,salud,1
twitter,violencia,salud,3
post_facebook,adolescente,robo,2
post_facebook,alcohol,robo,5
post_facebook,amigos,robo,58
post_facebook,arrebato,robo,3
post_facebook,arte,robo,20
post_facebook,delito,robo,73
post_facebook,deporte,robo,12
post_facebook,derechos,robo,21
post_facebook,drogas,robo,18
post_facebook,educación,robo,79
post_facebook,esperanza,robo,10
post_facebook,familia,robo,47
post_facebook,fútbol,robo,26
post_facebook,futuro,robo,15
post_facebook,hurto,robo,11
post_facebook,joven,robo,99
post_facebook,jóvenes,robo,47
post_facebook,juventud,robo,6
post_facebook,libertad,robo,56
post_facebook,menores,robo,41
post_facebook,música,robo,5
post_facebook,rapiña,robo,8
post_facebook,revolución,robo,1
post_facebook,robo,robo,"1,089"
post_facebook,salud,robo,26
post_facebook,sexo,robo,22
post_facebook,sexualidad,robo,1
post_facebook,tecnología,robo,4
post_facebook,trabajador,robo,29
post_facebook,violencia,robo,40
twitter,adolescente,robo,1
twitter,deporte,robo,1
twitter,drogas,robo,1
twitter,familia,robo,4
twitter,fútbol,robo,1
twitter,hurto,robo,2
twitter,joven,robo,4
twitter,jóvenes,robo,1
twitter,juventud,robo,1
twitter,libertad,robo,1
twitter,menores,robo,3
twitter,música,robo,1
twitter,pibe,robo,1
twitter,robo,robo,384
twitter,salud,robo,1
twitter,tecnología,robo,1
twitter,violencia,robo,2
post_facebook,aborto,revolución,5
post_facebook,adolescente,revolución,1
post_facebook,alcohol,revolución,6
post_facebook,amigos,revolución,32
post_facebook,arte,revolución,9
post_facebook,deporte,revolución,4
post_facebook,derechos,revolución,111
post_facebook,diversión,revolución,3
post_facebook,drogas,revolución,31
post_facebook,educación,revolución,72
post_facebook,esperanza,revolución,9
post_facebook,estudiante,revolución,2
post_facebook,familia,revolución,21
post_facebook,fútbol,revolución,13
post_facebook,futuro,revolución,61
post_facebook,gurí,revolución,3
post_facebook,innovación,revolución,6
post_facebook,joven,revolución,11
post_facebook,jóvenes,revolución,36
post_facebook,juventud,revolución,16
post_facebook,juventudes,revolución,3
post_facebook,libertad,revolución,87
post_facebook,menores,revolución,16
post_facebook,música,revolución,28
post_facebook,revolución,revolución,755
post_facebook,robo,revolución,1
post_facebook,salud,revolución,46
post_facebook,sexo,revolución,1
post_facebook,tecnología,revolución,6
post_facebook,trabajador,revolución,3
post_facebook,violencia,revolución,54
twitter,arte,revolución,1
twitter,deporte,revolución,1
twitter,educación,revolución,2
twitter,fútbol,revolución,1
twitter,futuro,revolución,3
twitter,libertad,revolución,6
twitter,revolución,revolución,138
twitter,tecnología,revolución,1
post_facebook,aborto,rapiña,3
post_facebook,adolescente,rapiña,5
post_facebook,alcohol,rapiña,1
post_facebook,amigos,rapiña,5
post_facebook,arrebato,rapiña,1
post_facebook,arte,rapiña,1
post_facebook,botija,rapiña,2
post_facebook,creatividad,rapiña,2
post_facebook,delito,rapiña,49
post_facebook,derechos,rapiña,38
post_facebook,drogas,rapiña,9
post_facebook,educación,rapiña,26
post_facebook,esperanza,rapiña,4
post_facebook,familia,rapiña,24
post_facebook,futuro,rapiña,4
post_facebook,guacho,rapiña,6
post_facebook,hurto,rapiña,3
post_facebook,joven,rapiña,22
post_facebook,jóvenes,rapiña,37
post_facebook,juventud,rapiña,2
post_facebook,libertad,rapiña,50
post_facebook,menores,rapiña,160
post_facebook,rapiña,rapiña,231
post_facebook,robo,rapiña,8
post_facebook,salud,rapiña,6
post_facebook,trabajador,rapiña,10
post_facebook,violencia,rapiña,67
twitter,drogas,rapiña,1
twitter,familia,rapiña,1
twitter,hurto,rapiña,1
twitter,joven,rapiña,2
twitter,libertad,rapiña,2
twitter,menores,rapiña,2
twitter,rapiña,rapiña,74
post_facebook,aborto,porro,2
post_facebook,adolescente,porro,1
post_facebook,alcohol,porro,9
post_facebook,amigos,porro,8
post_facebook,arte,porro,2
post_facebook,botija,porro,2
post_facebook,delito,porro,1
post_facebook,derechos,porro,5
post_facebook,drogas,porro,4
post_facebook,educación,porro,5
post_facebook,esperanza,porro,2
post_facebook,estudiante,porro,1
post_facebook,familia,porro,14
post_facebook,futuro,porro,2
post_facebook,joven,porro,7
post_facebook,jóvenes,porro,3
post_facebook,juventud,porro,1
post_facebook,menores,porro,5
post_facebook,pibe,porro,1
post_facebook,porro,porro,129
post_facebook,salud,porro,11
post_facebook,trabajador,porro,3
twitter,amigos,porro,1
twitter,jóvenes,porro,1
twitter,porro,porro,41
post_facebook,amigos,plancha,1
post_facebook,delito,plancha,1
post_facebook,deporte,plancha,1
post_facebook,derechos,plancha,4
post_facebook,educación,plancha,11
post_facebook,familia,plancha,12
post_facebook,fútbol,plancha,4
post_facebook,futuro,plancha,14
post_facebook,joven,plancha,3
post_facebook,música,plancha,4
post_facebook,plancha,plancha,140
post_facebook,salud,plancha,2
post_facebook,trabajador,plancha,1
twitter,plancha,plancha,41
post_facebook,adolescente,pibe,5
post_facebook,alcohol,pibe,9
post_facebook,amigos,pibe,6
post_facebook,arte,pibe,1
post_facebook,botija,pibe,5
post_facebook,delito,pibe,1
post_facebook,deporte,pibe,7
post_facebook,derechos,pibe,3
post_facebook,drogas,pibe,3
post_facebook,educación,pibe,15
post_facebook,esperanza,pibe,3
post_facebook,estudiante,pibe,2
post_facebook,familia,pibe,56
post_facebook,fútbol,pibe,37
post_facebook,futuro,pibe,5
post_facebook,guacho,pibe,2
post_facebook,gurí,pibe,1
post_facebook,joven,pibe,6
post_facebook,jóvenes,pibe,1
post_facebook,juventud,pibe,5
post_facebook,libertad,pibe,10
post_facebook,música,pibe,2
post_facebook,pibe,pibe,555
post_facebook,porro,pibe,1
post_facebook,salud,pibe,2
post_facebook,sexo,pibe,4
post_facebook,tecnología,pibe,1
post_facebook,violencia,pibe,13
twitter,botija,pibe,1
twitter,familia,pibe,1
twitter,fútbol,pibe,2
twitter,joven,pibe,1
twitter,música,pibe,1
twitter,pibe,pibe,225
twitter,robo,pibe,1
twitter,violencia,pibe,1
post_facebook,ñeri,ñeri,4
twitter,ñeri,ñeri,16
post_facebook,aborto,música,3
post_facebook,adolescente,música,13
post_facebook,alcohol,música,17
post_facebook,amigos,música,308
post_facebook,arte,música,246
post_facebook,botija,música,1
post_facebook,creatividad,música,47
post_facebook,delito,música,31
post_facebook,deporte,música,40
post_facebook,derechos,música,78
post_facebook,diversión,música,28
post_facebook,drogas,música,36
post_facebook,educación,música,86
post_facebook,esperanza,música,59
post_facebook,estudiante,música,6
post_facebook,familia,música,146
post_facebook,fútbol,música,61
post_facebook,futuro,música,70
post_facebook,guacho,música,4
post_facebook,innovación,música,3
post_facebook,joven,música,85
post_facebook,jóvenes,música,174
post_facebook,juventud,música,64
post_facebook,juventudes,música,3
post_facebook,libertad,música,81
post_facebook,menores,música,17
post_facebook,música,música,"8,287"
post_facebook,pibe,música,2
post_facebook,plancha,música,4
post_facebook,revolución,música,28
post_facebook,robo,música,5
post_facebook,salud,música,99
post_facebook,sexo,música,8
post_facebook,sexualidad,música,1
post_facebook,tecnología,música,54
post_facebook,trabajador,música,3
post_facebook,violencia,música,48
twitter,amigos,música,31
twitter,arte,música,29
twitter,creatividad,música,3
twitter,delito,música,1
twitter,deporte,música,2
twitter,derechos,música,2
twitter,diversión,música,4
twitter,educación,música,1
twitter,familia,música,8
twitter,fútbol,música,9
twitter,futuro,música,2
twitter,joven,música,3
twitter,jóvenes,música,2
twitter,libertad,música,3
twitter,música,música,"1,840"
twitter,pibe,música,1
twitter,robo,música,1
twitter,salud,música,3
twitter,sexo,música,1
twitter,tecnología,música,5
twitter,violencia,música,1
post_facebook,aborto,menores,49
post_facebook,adolescente,menores,55
post_facebook,alcohol,menores,61
post_facebook,amigos,menores,113
post_facebook,arrebato,menores,2
post_facebook,arte,menores,9
post_facebook,botija,menores,22
post_facebook,creatividad,menores,21
post_facebook,delito,menores,382
post_facebook,deporte,menores,43
post_facebook,derechos,menores,493
post_facebook,diversión,menores,4
post_facebook,drogas,menores,149
post_facebook,educación,menores,448
post_facebook,esperanza,menores,57
post_facebook,estudiante,menores,15
post_facebook,familia,menores,267
post_facebook,fútbol,menores,57
post_facebook,futuro,menores,137
post_facebook,guacho,menores,12
post_facebook,hurto,menores,3
post_facebook,innovación,menores,3
post_facebook,joven,menores,74
post_facebook,jóvenes,menores,480
post_facebook,juventud,menores,66
post_facebook,juventudes,menores,1
post_facebook,libertad,menores,541
post_facebook,menores,menores,"4,176"
post_facebook,música,menores,17
post_facebook,porro,menores,5
post_facebook,rapiña,menores,160
post_facebook,revolución,menores,16
post_facebook,robo,menores,41
post_facebook,salud,menores,223
post_facebook,sexo,menores,23
post_facebook,sexualidad,menores,4
post_facebook,tecnología,menores,11
post_facebook,trabajador,menores,29
post_facebook,violencia,menores,857
twitter,alcohol,menores,9
twitter,amigos,menores,1
twitter,arrebato,menores,2
twitter,derechos,menores,2
twitter,educación,menores,1
twitter,familia,menores,3
twitter,fútbol,menores,1
twitter,hurto,menores,1
twitter,joven,menores,4
twitter,jóvenes,menores,7
twitter,menores,menores,359
twitter,rapiña,menores,2
twitter,robo,menores,3
twitter,sexo,menores,2
twitter,trabajador,menores,1
twitter,violencia,menores,2
post_facebook,aborto,libertad,63
post_facebook,adolescente,libertad,44
post_facebook,alcohol,libertad,16
post_facebook,amigos,libertad,161
post_facebook,arrebato,libertad,1
post_facebook,arte,libertad,58
post_facebook,botija,libertad,14
post_facebook,creatividad,libertad,40
post_facebook,delito,libertad,180
post_facebook,deporte,libertad,28
post_facebook,derechos,libertad,993
post_facebook,diversión,libertad,7
post_facebook,drogas,libertad,73
post_facebook,educación,libertad,664
post_facebook,esperanza,libertad,147
post_facebook,estudiante,libertad,30
post_facebook,familia,libertad,242
post_facebook,fútbol,libertad,181
post_facebook,futuro,libertad,385
post_facebook,gurí,libertad,1
post_facebook,hurto,libertad,7
post_facebook,infracción,libertad,3
post_facebook,innovación,libertad,67
post_facebook,joven,libertad,153
post_facebook,jóvenes,libertad,439
post_facebook,juventud,libertad,119
post_facebook,libertad,libertad,"6,691"
post_facebook,menores,libertad,541
post_facebook,música,libertad,81
post_facebook,pibe,libertad,10
post_facebook,rapiña,libertad,50
post_facebook,revolución,libertad,87
post_facebook,robo,libertad,56
post_facebook,salud,libertad,288
post_facebook,sexo,libertad,43
post_facebook,sexualidad,libertad,1
post_facebook,tecnología,libertad,57
post_facebook,trabajador,libertad,47
post_facebook,violencia,libertad,762
twitter,aborto,libertad,1
twitter,adolescente,libertad,1
twitter,amigos,libertad,2
twitter,creatividad,libertad,1
twitter,delito,libertad,2
twitter,deporte,libertad,1
twitter,derechos,libertad,11
twitter,drogas,libertad,1
twitter,educación,libertad,6
twitter,esperanza,libertad,1
twitter,familia,libertad,1
twitter,futuro,libertad,5
twitter,joven,libertad,2
twitter,jóvenes,libertad,8
twitter,libertad,libertad,822
twitter,música,libertad,3
twitter,rapiña,libertad,2
twitter,revolución,libertad,6
twitter,robo,libertad,1
twitter,salud,libertad,3
twitter,trabajador,libertad,7
post_facebook,adolescente,juventudes,7
post_facebook,amigos,juventudes,7
post_facebook,arte,juventudes,10
post_facebook,delito,juventudes,25
post_facebook,deporte,juventudes,43
post_facebook,derechos,juventudes,13
post_facebook,drogas,juventudes,39
post_facebook,educación,juventudes,70
post_facebook,familia,juventudes,1
post_facebook,fútbol,juventudes,5
post_facebook,futuro,juventudes,10
post_facebook,innovación,juventudes,3
post_facebook,joven,juventudes,41
post_facebook,jóvenes,juventudes,146
post_facebook,juventud,juventudes,150
post_facebook,juventudes,juventudes,437
post_facebook,menores,juventudes,1
post_facebook,música,juventudes,3
post_facebook,revolución,juventudes,3
post_facebook,salud,juventudes,28
post_facebook,violencia,juventudes,6
twitter,joven,juventudes,1
twitter,jóvenes,juventudes,4
twitter,juventud,juventudes,1
twitter,juventudes,juventudes,29
post_facebook,aborto,juventud,10
post_facebook,adolescente,juventud,9
post_facebook,alcohol,juventud,10
post_facebook,amigos,juventud,70
post_facebook,arte,juventud,203
post_facebook,botija,juventud,1
post_facebook,creatividad,juventud,1
post_facebook,delito,juventud,63
post_facebook,deporte,juventud,73
post_facebook,derechos,juventud,230
post_facebook,drogas,juventud,38
post_facebook,educación,juventud,127
post_facebook,esperanza,juventud,83
post_facebook,estudiante,juventud,11
post_facebook,familia,juventud,86
post_facebook,fútbol,juventud,177
post_facebook,futuro,juventud,125
post_facebook,gurí,juventud,6
post_facebook,innovación,juventud,12
post_facebook,joven,juventud,308
post_facebook,jóvenes,juventud,978
post_facebook,juventud,juventud,"8,975"
post_facebook,juventudes,juventud,150
post_facebook,libertad,juventud,119
post_facebook,menores,juventud,66
post_facebook,música,juventud,64
post_facebook,pibe,juventud,5
post_facebook,porro,juventud,1
post_facebook,rapiña,juventud,2
post_facebook,revolución,juventud,16
post_facebook,robo,juventud,6
post_facebook,salud,juventud,108
post_facebook,sexo,juventud,6
post_facebook,sexualidad,juventud,2
post_facebook,tecnología,juventud,9
post_facebook,trabajador,juventud,19
post_facebook,violencia,juventud,71
twitter,amigos,juventud,1
twitter,arte,juventud,26
twitter,creatividad,juventud,2
twitter,derechos,juventud,2
twitter,educación,juventud,4
twitter,esperanza,juventud,1
twitter,familia,juventud,1
twitter,fútbol,juventud,5
twitter,futuro,juventud,4
twitter,joven,juventud,6
twitter,jóvenes,juventud,25
twitter,juventud,juventud,861
twitter,juventudes,juventud,1
twitter,robo,juventud,1
twitter,salud,juventud,2
twitter,sexualidad,juventud,2
post_facebook,aborto,jóvenes,85
post_facebook,adolescente,jóvenes,92
post_facebook,alcohol,jóvenes,68
post_facebook,amigos,jóvenes,127
post_facebook,arte,jóvenes,134
post_facebook,botija,jóvenes,15
post_facebook,creatividad,jóvenes,29
post_facebook,delito,jóvenes,107
post_facebook,deporte,jóvenes,117
post_facebook,derechos,jóvenes,608
post_facebook,diversión,jóvenes,9
post_facebook,drogas,jóvenes,364
post_facebook,educación,jóvenes,"1,082"
post_facebook,esperanza,jóvenes,177
post_facebook,estudiante,jóvenes,40
post_facebook,familia,jóvenes,338
post_facebook,fútbol,jóvenes,163
post_facebook,futuro,jóvenes,387
post_facebook,infracción,jóvenes,3
post_facebook,innovación,jóvenes,44
post_facebook,joven,jóvenes,641
post_facebook,jóvenes,jóvenes,"8,739"
post_facebook,juventud,jóvenes,978
post_facebook,juventudes,jóvenes,146
post_facebook,libertad,jóvenes,439
post_facebook,menores,jóvenes,480
post_facebook,música,jóvenes,174
post_facebook,pibe,jóvenes,1
post_facebook,porro,jóvenes,3
post_facebook,rapiña,jóvenes,37
post_facebook,revolución,jóvenes,36
post_facebook,robo,jóvenes,47
post_facebook,salud,jóvenes,730
post_facebook,sexo,jóvenes,31
post_facebook,sexualidad,jóvenes,13
post_facebook,tecnología,jóvenes,116
post_facebook,trabajador,jóvenes,76
post_facebook,violencia,jóvenes,717
twitter,adolescente,jóvenes,1
twitter,alcohol,jóvenes,1
twitter,amigos,jóvenes,9
twitter,arte,jóvenes,12
twitter,creatividad,jóvenes,3
twitter,delito,jóvenes,2
twitter,derechos,jóvenes,9
twitter,drogas,jóvenes,2
twitter,educación,jóvenes,36
twitter,esperanza,jóvenes,2
twitter,estudiante,jóvenes,3
twitter,familia,jóvenes,3
twitter,fútbol,jóvenes,3
twitter,futuro,jóvenes,28
twitter,innovación,jóvenes,1
twitter,joven,jóvenes,10
twitter,jóvenes,jóvenes,"1,265"
twitter,juventud,jóvenes,25
twitter,juventudes,jóvenes,4
twitter,libertad,jóvenes,8
twitter,menores,jóvenes,7
twitter,música,jóvenes,2
twitter,porro,jóvenes,1
twitter,robo,jóvenes,1
twitter,salud,jóvenes,15
twitter,sexo,jóvenes,1
twitter,tecnología,jóvenes,7
twitter,trabajador,jóvenes,1
twitter,violencia,jóvenes,5
post_facebook,aborto,joven,49
post_facebook,adolescente,joven,91
post_facebook,alcohol,joven,29
post_facebook,amigos,joven,144
post_facebook,arrebato,joven,2
post_facebook,arte,joven,81
post_facebook,botija,joven,2
post_facebook,creatividad,joven,6
post_facebook,delito,joven,236
post_facebook,deporte,joven,43
post_facebook,derechos,joven,133
post_facebook,diversión,joven,10
post_facebook,drogas,joven,37
post_facebook,educación,joven,166
post_facebook,esperanza,joven,49
post_facebook,estudiante,joven,84
post_facebook,familia,joven,376
post_facebook,fútbol,joven,108
post_facebook,futuro,joven,154
post_facebook,guacho,joven,1
post_facebook,hurto,joven,4
post_facebook,infracción,joven,2
post_facebook,innovación,joven,15
post_facebook,joven,joven,"6,056"
post_facebook,jóvenes,joven,641
post_facebook,juventud,joven,308
post_facebook,juventudes,joven,41
post_facebook,libertad,joven,153
post_facebook,menores,joven,74
post_facebook,música,joven,85
post_facebook,pibe,joven,6
post_facebook,plancha,joven,3
post_facebook,porro,joven,7
post_facebook,rapiña,joven,22
post_facebook,revolución,joven,11
post_facebook,robo,joven,99
post_facebook,salud,joven,185
post_facebook,sexo,joven,45
post_facebook,sexualidad,joven,5
post_facebook,tecnología,joven,41
post_facebook,trabajador,joven,43
post_facebook,violencia,joven,100
twitter,alcohol,joven,2
twitter,amigos,joven,5
twitter,arrebato,joven,2
twitter,arte,joven,14
twitter,delito,joven,25
twitter,deporte,joven,1
twitter,drogas,joven,1
twitter,esperanza,joven,2
twitter,familia,joven,14
twitter,fútbol,joven,2
twitter,futuro,joven,4
twitter,joven,joven,757
twitter,jóvenes,joven,10
twitter,juventud,joven,6
twitter,juventudes,joven,1
twitter,libertad,joven,2
twitter,menores,joven,4
twitter,música,joven,3
twitter,pibe,joven,1
twitter,rapiña,joven,2
twitter,robo,joven,4
twitter,tecnología,joven,1
twitter,trabajador,joven,2
post_facebook,aborto,innovación,4
post_facebook,amigos,innovación,3
post_facebook,arte,innovación,20
post_facebook,creatividad,innovación,42
post_facebook,delito,innovación,5
post_facebook,deporte,innovación,18
post_facebook,derechos,innovación,48
post_facebook,drogas,innovación,13
post_facebook,educación,innovación,133
post_facebook,esperanza,innovación,9
post_facebook,estudiante,innovación,5
post_facebook,familia,innovación,2
post_facebook,fútbol,innovación,14
post_facebook,futuro,innovación,57
post_facebook,innovación,innovación,542
post_facebook,joven,innovación,15
post_facebook,jóvenes,innovación,44
post_facebook,juventud,innovación,12
post_facebook,juventudes,innovación,3
post_facebook,libertad,innovación,67
post_facebook,menores,innovación,3
post_facebook,música,innovación,3
post_facebook,revolución,innovación,6
post_facebook,salud,innovación,59
post_facebook,sexo,innovación,1
post_facebook,tecnología,innovación,128
post_facebook,trabajador,innovación,2
post_facebook,violencia,innovación,12
twitter,arte,innovación,1
twitter,creatividad,innovación,4
twitter,derechos,innovación,2
twitter,educación,innovación,8
twitter,futuro,innovación,2
twitter,innovación,innovación,170
twitter,jóvenes,innovación,1
twitter,salud,innovación,1
twitter,tecnología,innovación,29
post_facebook,adolescente,infracción,2
post_facebook,alcohol,infracción,16
post_facebook,amigos,infracción,1
post_facebook,delito,infracción,5
post_facebook,deporte,infracción,5
post_facebook,derechos,infracción,11
post_facebook,educación,infracción,4
post_facebook,esperanza,infracción,1
post_facebook,familia,infracción,3
post_facebook,fútbol,infracción,12
post_facebook,futuro,infracción,3
post_facebook,infracción,infracción,102
post_facebook,joven,infracción,2
post_facebook,jóvenes,infracción,3
post_facebook,libertad,infracción,3
post_facebook,salud,infracción,2
post_facebook,violencia,infracción,5
twitter,infracción,infracción,14
post_facebook,aborto,hurto,3
post_facebook,amigos,hurto,4
post_facebook,arrebato,hurto,1
post_facebook,delito,hurto,31
post_facebook,deporte,hurto,1
post_facebook,derechos,hurto,9
post_facebook,educación,hurto,7
post_facebook,estudiante,hurto,5
post_facebook,familia,hurto,5
post_facebook,fútbol,hurto,1
post_facebook,hurto,hurto,78
post_facebook,joven,hurto,4
post_facebook,libertad,hurto,7
post_facebook,menores,hurto,3
post_facebook,rapiña,hurto,3
post_facebook,robo,hurto,11
post_facebook,salud,hurto,12
post_facebook,tecnología,hurto,3
post_facebook,trabajador,hurto,6
post_facebook,violencia,hurto,10
twitter,delito,hurto,1
twitter,hurto,hurto,16
twitter,menores,hurto,1
twitter,rapiña,hurto,1
twitter,robo,hurto,2
twitter,violencia,hurto,1
post_facebook,amigos,gurí,1
post_facebook,botija,gurí,2
post_facebook,diversión,gurí,1
post_facebook,esperanza,gurí,1
post_facebook,familia,gurí,1
post_facebook,fútbol,gurí,3
post_facebook,futuro,gurí,1
post_facebook,gurí,gurí,60
post_facebook,juventud,gurí,6
post_facebook,libertad,gurí,1
post_facebook,pibe,gurí,1
post_facebook,revolución,gurí,3
twitter,estudiante,gurí,1
twitter,fútbol,gurí,2
twitter,gurí,gurí,32
twitter,trabajador,gurí,2
post_facebook,amigos,guacho,4
post_facebook,arte,guacho,4
post_facebook,botija,guacho,1
post_facebook,derechos,guacho,3
post_facebook,diversión,guacho,1
post_facebook,familia,guacho,3
post_facebook,futuro,guacho,1
post_facebook,guacho,guacho,54
post_facebook,joven,guacho,1
post_facebook,menores,guacho,12
post_facebook,música,guacho,4
post_facebook,pibe,guacho,2
post_facebook,rapiña,guacho,6
post_facebook,trabajador,guacho,3
twitter,drogas,guacho,1
twitter,guacho,guacho,31
post_facebook,aborto,futuro,173
post_facebook,adolescente,futuro,18
post_facebook,alcohol,futuro,29
post_facebook,amigos,futuro,203
post_facebook,arrebato,futuro,3
post_facebook,arte,futuro,43
post_facebook,botija,futuro,7
post_facebook,creatividad,futuro,12
post_facebook,delito,futuro,31
post_facebook,deporte,futuro,92
post_facebook,derechos,futuro,449
post_facebook,drogas,futuro,51
post_facebook,educación,futuro,534
post_facebook,esperanza,futuro,144
post_facebook,estudiante,futuro,7
post_facebook,familia,futuro,402
post_facebook,fútbol,futuro,247
post_facebook,futuro,futuro,"5,584"
post_facebook,guacho,futuro,1
post_facebook,gurí,futuro,1
post_facebook,infracción,futuro,3
post_facebook,innovación,futuro,57
post_facebook,joven,futuro,154
post_facebook,jóvenes,futuro,387
post_facebook,juventud,futuro,125
post_facebook,juventudes,futuro,10
post_facebook,libertad,futuro,385
post_facebook,menores,futuro,137
post_facebook,música,futuro,70
post_facebook,pibe,futuro,5
post_facebook,plancha,futuro,14
post_facebook,porro,futuro,2
post_facebook,rapiña,futuro,4
post_facebook,revolución,futuro,61
post_facebook,robo,futuro,15
post_facebook,salud,futuro,474
post_facebook,sexo,futuro,22
post_facebook,sexualidad,futuro,4
post_facebook,tecnología,futuro,108
post_facebook,trabajador,futuro,44
post_facebook,violencia,futuro,245
twitter,amigos,futuro,1
twitter,arte,futuro,1
twitter,deporte,futuro,3
twitter,derechos,futuro,5
twitter,educación,futuro,29
twitter,esperanza,futuro,8
twitter,familia,futuro,11
twitter,fútbol,futuro,4
twitter,futuro,futuro,"1,226"
twitter,innovación,futuro,2
twitter,joven,futuro,4
twitter,jóvenes,futuro,28
twitter,juventud,futuro,4
twitter,libertad,futuro,5
twitter,música,futuro,2
twitter,revolución,futuro,3
twitter,salud,futuro,10
twitter,sexo,futuro,2
twitter,sexualidad,futuro,1
twitter,tecnología,futuro,7
twitter,trabajador,futuro,2
twitter,violencia,futuro,1
post_facebook,adolescente,fútbol,17
post_facebook,alcohol,fútbol,27
post_facebook,amigos,fútbol,276
post_facebook,arte,fútbol,36
post_facebook,botija,fútbol,9
post_facebook,creatividad,fútbol,2
post_facebook,delito,fútbol,19
post_facebook,deporte,fútbol,656
post_facebook,derechos,fútbol,95
post_facebook,diversión,fútbol,10
post_facebook,drogas,fútbol,34
post_facebook,educación,fútbol,147
post_facebook,esperanza,fútbol,67
post_facebook,estudiante,fútbol,7
post_facebook,familia,fútbol,344
post_facebook,fútbol,fútbol,"16,343"
post_facebook,futuro,fútbol,247
post_facebook,gurí,fútbol,3
post_facebook,hurto,fútbol,1
post_facebook,infracción,fútbol,12
post_facebook,innovación,fútbol,14
post_facebook,joven,fútbol,108
post_facebook,jóvenes,fútbol,163
post_facebook,juventud,fútbol,177
post_facebook,juventudes,fútbol,5
post_facebook,libertad,fútbol,181
post_facebook,menores,fútbol,57
post_facebook,música,fútbol,61
post_facebook,pibe,fútbol,37
post_facebook,plancha,fútbol,4
post_facebook,revolución,fútbol,13
post_facebook,robo,fútbol,26
post_facebook,salud,fútbol,66
post_facebook,sexo,fútbol,41
post_facebook,tecnología,fútbol,39
post_facebook,trabajador,fútbol,13
post_facebook,violencia,fútbol,267
twitter,amigos,fútbol,24
twitter,arte,fútbol,3
twitter,botija,fútbol,1
twitter,deporte,fútbol,57
twitter,derechos,fútbol,9
twitter,diversión,fútbol,1
twitter,educación,fútbol,3
twitter,esperanza,fútbol,3
twitter,familia,fútbol,23
twitter,fútbol,fútbol,"2,973"
twitter,futuro,fútbol,4
twitter,gurí,fútbol,2
twitter,joven,fútbol,2
twitter,jóvenes,fútbol,3
twitter,juventud,fútbol,5
twitter,menores,fútbol,1
twitter,música,fútbol,9
twitter,pibe,fútbol,2
twitter,revolución,fútbol,1
twitter,robo,fútbol,1
twitter,salud,fútbol,12
twitter,sexo,fútbol,2
twitter,tecnología,fútbol,6
twitter,violencia,fútbol,71
post_facebook,adolescente,fecundidad,1
post_facebook,creatividad,fecundidad,1
post_facebook,fecundidad,fecundidad,7
post_facebook,salud,fecundidad,2
post_facebook,aborto,familia,159
post_facebook,adolescente,familia,124
post_facebook,alcohol,familia,80
post_facebook,amigos,familia,"1,773"
post_facebook,arrebato,familia,2
post_facebook,arte,familia,69
post_facebook,botija,familia,4
post_facebook,creatividad,familia,7
post_facebook,delito,familia,107
post_facebook,deporte,familia,96
post_facebook,derechos,familia,737
post_facebook,diversión,familia,35
post_facebook,drogas,familia,151
post_facebook,educación,familia,489
post_facebook,esperanza,familia,255
post_facebook,estudiante,familia,43
post_facebook,familia,familia,"14,963"
post_facebook,fútbol,familia,344
post_facebook,futuro,familia,402
post_facebook,guacho,familia,3
post_facebook,gurí,familia,1
post_facebook,hurto,familia,5
post_facebook,infracción,familia,3
post_facebook,innovación,familia,2
post_facebook,joven,familia,376
post_facebook,jóvenes,familia,338
post_facebook,juventud,familia,86
post_facebook,juventudes,familia,1
post_facebook,libertad,familia,242
post_facebook,menores,familia,267
post_facebook,música,familia,146
post_facebook,pibe,familia,56
post_facebook,plancha,familia,12
post_facebook,porro,familia,14
post_facebook,rapiña,familia,24
post_facebook,revolución,familia,21
post_facebook,robo,familia,47
post_facebook,salud,familia,855
post_facebook,sexo,familia,64
post_facebook,sexualidad,familia,27
post_facebook,tecnología,familia,70
post_facebook,trabajador,familia,104
post_facebook,violencia,familia,532
twitter,adolescente,familia,1
twitter,amigos,familia,108
twitter,arte,familia,2
twitter,deporte,familia,18
twitter,diversión,familia,5
twitter,educación,familia,8
twitter,esperanza,familia,2
twitter,estudiante,familia,1
twitter,familia,familia,"2,243"
twitter,fútbol,familia,23
twitter,futuro,familia,11
twitter,joven,familia,14
twitter,jóvenes,familia,3
twitter,juventud,familia,1
twitter,libertad,familia,1
twitter,menores,familia,3
twitter,música,familia,8
twitter,pibe,familia,1
twitter,rapiña,familia,1
twitter,robo,familia,4
twitter,salud,familia,6
twitter,trabajador,familia,7
twitter,violencia,familia,12
post_facebook,aborto,estudiante,6
post_facebook,adolescente,estudiante,3
post_facebook,alcohol,estudiante,2
post_facebook,amigos,estudiante,25
post_facebook,arte,estudiante,15
post_facebook,deporte,estudiante,10
post_facebook,derechos,estudiante,19
post_facebook,drogas,estudiante,6
post_facebook,educación,estudiante,109
post_facebook,esperanza,estudiante,4
post_facebook,estudiante,estudiante,895
post_facebook,familia,estudiante,43
post_facebook,fútbol,estudiante,7
post_facebook,futuro,estudiante,7
post_facebook,hurto,estudiante,5
post_facebook,innovación,estudiante,5
post_facebook,joven,estudiante,84
post_facebook,jóvenes,estudiante,40
post_facebook,juventud,estudiante,11
post_facebook,libertad,estudiante,30
post_facebook,menores,estudiante,15
post_facebook,música,estudiante,6
post_facebook,pibe,estudiante,2
post_facebook,porro,estudiante,1
post_facebook,revolución,estudiante,2
post_facebook,salud,estudiante,39
post_facebook,tecnología,estudiante,29
post_facebook,trabajador,estudiante,11
post_facebook,violencia,estudiante,21
twitter,arte,estudiante,1
twitter,educación,estudiante,4
twitter,estudiante,estudiante,126
twitter,familia,estudiante,1
twitter,gurí,estudiante,1
twitter,jóvenes,estudiante,3
post_facebook,aborto,esperanza,83
post_facebook,adolescente,esperanza,7
post_facebook,alcohol,esperanza,4
post_facebook,amigos,esperanza,162
post_facebook,arrebato,esperanza,1
post_facebook,arte,esperanza,25
post_facebook,botija,esperanza,2
post_facebook,creatividad,esperanza,10
post_facebook,delito,esperanza,31
post_facebook,deporte,esperanza,26
post_facebook,derechos,esperanza,114
post_facebook,diversión,esperanza,1
post_facebook,drogas,esperanza,23
post_facebook,educación,esperanza,130
post_facebook,esperanza,esperanza,"2,717"
post_facebook,estudiante,esperanza,4
post_facebook,familia,esperanza,255
post_facebook,fútbol,esperanza,67
post_facebook,futuro,esperanza,144
post_facebook,gurí,esperanza,1
post_facebook,infracción,esperanza,1
post_facebook,innovación,esperanza,9
post_facebook,joven,esperanza,49
post_facebook,jóvenes,esperanza,177
post_facebook,juventud,esperanza,83
post_facebook,libertad,esperanza,147
post_facebook,menores,esperanza,57
post_facebook,música,esperanza,59
post_facebook,pibe,esperanza,3
post_facebook,porro,esperanza,2
post_facebook,rapiña,esperanza,4
post_facebook,revolución,esperanza,9
post_facebook,robo,esperanza,10
post_facebook,salud,esperanza,294
post_facebook,sexo,esperanza,5
post_facebook,sexualidad,esperanza,2
post_facebook,tecnología,esperanza,36
post_facebook,trabajador,esperanza,20
post_facebook,violencia,esperanza,150
twitter,educación,esperanza,1
twitter,esperanza,esperanza,345
twitter,familia,esperanza,2
twitter,fútbol,esperanza,3
twitter,futuro,esperanza,8
twitter,joven,esperanza,2
twitter,jóvenes,esperanza,2
twitter,juventud,esperanza,1
twitter,libertad,esperanza,1
twitter,violencia,esperanza,1
post_facebook,aborto,educación,144
post_facebook,adolescente,educación,39
post_facebook,alcohol,educación,32
post_facebook,amigos,educación,163
post_facebook,arrebato,educación,2
post_facebook,arte,educación,132
post_facebook,botija,educación,13
post_facebook,creatividad,educación,42
post_facebook,delito,educación,88
post_facebook,deporte,educación,142
post_facebook,derechos,educación,892
post_facebook,diversión,educación,8
post_facebook,drogas,educación,138
post_facebook,educación,educación,"10,599"
post_facebook,esperanza,educación,130
post_facebook,estudiante,educación,109
post_facebook,familia,educación,489
post_facebook,fútbol,educación,147
post_facebook,futuro,educación,534
post_facebook,hurto,educación,7
post_facebook,infracción,educación,4
post_facebook,innovación,educación,133
post_facebook,joven,educación,166
post_facebook,jóvenes,educación,"1,082"
post_facebook,juventud,educación,127
post_facebook,juventudes,educación,70
post_facebook,libertad,educación,664
post_facebook,menores,educación,448
post_facebook,música,educación,86
post_facebook,pibe,educación,15
post_facebook,plancha,educación,11
post_facebook,porro,educación,5
post_facebook,rapiña,educación,26
post_facebook,revolución,educación,72
post_facebook,robo,educación,79
post_facebook,salud,educación,"1,022"
post_facebook,sexo,educación,130
post_facebook,sexualidad,educación,25
post_facebook,tecnología,educación,224
post_facebook,trabajador,educación,56
post_facebook,violencia,educación,713
twitter,aborto,educación,1
twitter,adolescente,educación,1
twitter,alcohol,educación,2
twitter,arte,educación,11
twitter,creatividad,educación,3
twitter,deporte,educación,5
twitter,derechos,educación,7
twitter,drogas,educación,1
twitter,educación,educación,"2,017"
twitter,esperanza,educación,1
twitter,estudiante,educación,4
twitter,familia,educación,8
twitter,fútbol,educación,3
twitter,futuro,educación,29
twitter,innovación,educación,8
twitter,jóvenes,educación,36
twitter,juventud,educación,4
twitter,libertad,educación,6
twitter,menores,educación,1
twitter,música,educación,1
twitter,revolución,educación,2
twitter,salud,educación,57
twitter,sexo,educación,1
twitter,sexualidad,educación,2
twitter,tecnología,educación,19
twitter,trabajador,educación,1
twitter,violencia,educación,4
post_facebook,aborto,drogas,16
post_facebook,adolescente,drogas,16
post_facebook,alcohol,drogas,278
post_facebook,amigos,drogas,44
post_facebook,arte,drogas,6
post_facebook,botija,drogas,2
post_facebook,creatividad,drogas,1
post_facebook,delito,drogas,100
post_facebook,deporte,drogas,28
post_facebook,derechos,drogas,140
post_facebook,drogas,drogas,"3,126"
post_facebook,educación,drogas,138
post_facebook,esperanza,drogas,23
post_facebook,estudiante,drogas,6
post_facebook,familia,drogas,151
post_facebook,fútbol,drogas,34
post_facebook,futuro,drogas,51
post_facebook,innovación,drogas,13
post_facebook,joven,drogas,37
post_facebook,jóvenes,drogas,364
post_facebook,juventud,drogas,38
post_facebook,juventudes,drogas,39
post_facebook,libertad,drogas,73
post_facebook,menores,drogas,149
post_facebook,música,drogas,36
post_facebook,pibe,drogas,3
post_facebook,porro,drogas,4
post_facebook,rapiña,drogas,9
post_facebook,revolución,drogas,31
post_facebook,robo,drogas,18
post_facebook,salud,drogas,614
post_facebook,sexo,drogas,26
post_facebook,sexualidad,drogas,3
post_facebook,tecnología,drogas,23
post_facebook,trabajador,drogas,6
post_facebook,violencia,drogas,125
twitter,alcohol,drogas,26
twitter,amigos,drogas,1
twitter,delito,drogas,2
twitter,deporte,drogas,9
twitter,drogas,drogas,241
twitter,educación,drogas,1
twitter,guacho,drogas,1
twitter,joven,drogas,1
twitter,jóvenes,drogas,2
twitter,libertad,drogas,1
twitter,rapiña,drogas,1
twitter,robo,drogas,1
twitter,salud,drogas,2
twitter,sexo,drogas,1
twitter,violencia,drogas,9
post_facebook,adolescente,diversión,1
post_facebook,alcohol,diversión,2
post_facebook,amigos,diversión,15
post_facebook,arte,diversión,4
post_facebook,creatividad,diversión,3
post_facebook,delito,diversión,1
post_facebook,deporte,diversión,4
post_facebook,derechos,diversión,7
post_facebook,diversión,diversión,356
post_facebook,educación,diversión,8
post_facebook,esperanza,diversión,1
post_facebook,familia,diversión,35
post_facebook,fútbol,diversión,10
post_facebook,guacho,diversión,1
post_facebook,gurí,diversión,1
post_facebook,joven,diversión,10
post_facebook,jóvenes,diversión,9
post_facebook,libertad,diversión,7
post_facebook,menores,diversión,4
post_facebook,música,diversión,28
post_facebook,revolución,diversión,3
post_facebook,salud,diversión,4
post_facebook,sexo,diversión,1
post_facebook,sexualidad,diversión,1
post_facebook,tecnología,diversión,2
post_facebook,violencia,diversión,2
twitter,amigos,diversión,10
twitter,arte,diversión,1
twitter,diversión,diversión,138
twitter,familia,diversión,5
twitter,fútbol,diversión,1
twitter,música,diversión,4
post_facebook,aborto,derechos,425
post_facebook,adolescente,derechos,114
post_facebook,alcohol,derechos,31
post_facebook,amigos,derechos,219
post_facebook,arrebato,derechos,1
post_facebook,arte,derechos,116
post_facebook,botija,derechos,7
post_facebook,creatividad,derechos,21
post_facebook,delito,derechos,304
post_facebook,deporte,derechos,49
post_facebook,derechos,derechos,"9,813"
post_facebook,diversión,derechos,7
post_facebook,drogas,derechos,140
post_facebook,educación,derechos,892
post_facebook,esperanza,derechos,114
post_facebook,estudiante,derechos,19
post_facebook,familia,derechos,737
post_facebook,fútbol,derechos,95
post_facebook,futuro,derechos,449
post_facebook,guacho,derechos,3
post_facebook,hurto,derechos,9
post_facebook,infracción,derechos,11
post_facebook,innovación,derechos,48
post_facebook,joven,derechos,133
post_facebook,jóvenes,derechos,608
post_facebook,juventud,derechos,230
post_facebook,juventudes,derechos,13
post_facebook,libertad,derechos,993
post_facebook,menores,derechos,493
post_facebook,música,derechos,78
post_facebook,pibe,derechos,3
post_facebook,plancha,derechos,4
post_facebook,porro,derechos,5
post_facebook,rapiña,derechos,38
post_facebook,revolución,derechos,111
post_facebook,robo,derechos,21
post_facebook,salud,derechos,"1,082"
post_facebook,sexo,derechos,161
post_facebook,sexualidad,derechos,12
post_facebook,tecnología,derechos,116
post_facebook,trabajador,derechos,108
post_facebook,violencia,derechos,"1,328"
twitter,amigos,derechos,1
twitter,deporte,derechos,1
twitter,derechos,derechos,753
twitter,educación,derechos,7
twitter,fútbol,derechos,9
twitter,futuro,derechos,5
twitter,innovación,derechos,2
twitter,jóvenes,derechos,9
twitter,juventud,derechos,2
twitter,libertad,derechos,11
twitter,menores,derechos,2
twitter,música,derechos,2
twitter,salud,derechos,11
twitter,sexualidad,derechos,4
twitter,violencia,derechos,6
post_facebook,aborto,deporte,4
post_facebook,adolescente,deporte,4
post_facebook,alcohol,deporte,26
post_facebook,amigos,deporte,119
post_facebook,arte,deporte,45
post_facebook,botija,deporte,1
post_facebook,creatividad,deporte,7
post_facebook,delito,deporte,21
post_facebook,deporte,deporte,"3,197"
post_facebook,derechos,deporte,49
post_facebook,diversión,deporte,4
post_facebook,drogas,deporte,28
post_facebook,educación,deporte,142
post_facebook,esperanza,deporte,26
post_facebook,estudiante,deporte,10
post_facebook,familia,deporte,96
post_facebook,fútbol,deporte,656
post_facebook,futuro,deporte,92
post_facebook,hurto,deporte,1
post_facebook,infracción,deporte,5
post_facebook,innovación,deporte,18
post_facebook,joven,deporte,43
post_facebook,jóvenes,deporte,117
post_facebook,juventud,deporte,73
post_facebook,juventudes,deporte,43
post_facebook,libertad,deporte,28
post_facebook,menores,deporte,43
post_facebook,música,deporte,40
post_facebook,pibe,deporte,7
post_facebook,plancha,deporte,1
post_facebook,revolución,deporte,4
post_facebook,robo,deporte,12
post_facebook,salud,deporte,89
post_facebook,sexo,deporte,5
post_facebook,tecnología,deporte,43
post_facebook,trabajador,deporte,2
post_facebook,violencia,deporte,329
twitter,adolescente,deporte,1
twitter,alcohol,deporte,1
twitter,deporte,deporte,740
twitter,derechos,deporte,1
twitter,drogas,deporte,9
twitter,educación,deporte,5
twitter,familia,deporte,18
twitter,fútbol,deporte,57
twitter,futuro,deporte,3
twitter,joven,deporte,1
twitter,libertad,deporte,1
twitter,música,deporte,2
twitter,revolución,deporte,1
twitter,robo,deporte,1
twitter,salud,deporte,4
twitter,tecnología,deporte,1
twitter,violencia,deporte,25
post_facebook,aborto,delito,59
post_facebook,adolescente,delito,10
post_facebook,alcohol,delito,9
post_facebook,amigos,delito,50
post_facebook,arte,delito,27
post_facebook,botija,delito,1
post_facebook,creatividad,delito,1
post_facebook,delito,delito,"1,417"
post_facebook,deporte,delito,21
post_facebook,derechos,delito,304
post_facebook,diversión,delito,1
post_facebook,drogas,delito,100
post_facebook,educación,delito,88
post_facebook,esperanza,delito,31
post_facebook,familia,delito,107
post_facebook,fútbol,delito,19
post_facebook,futuro,delito,31
post_facebook,hurto,delito,31
post_facebook,infracción,delito,5
post_facebook,innovación,delito,5
post_facebook,joven,delito,236
post_facebook,jóvenes,delito,107
post_facebook,juventud,delito,63
post_facebook,juventudes,delito,25
post_facebook,libertad,delito,180
post_facebook,menores,delito,382
post_facebook,música,delito,31
post_facebook,pibe,delito,1
post_facebook,plancha,delito,1
post_facebook,porro,delito,1
post_facebook,rapiña,delito,49
post_facebook,robo,delito,73
post_facebook,salud,delito,137
post_facebook,sexo,delito,17
post_facebook,sexualidad,delito,1
post_facebook,tecnología,delito,19
post_facebook,trabajador,delito,25
post_facebook,violencia,delito,220
twitter,arte,delito,1
twitter,delito,delito,203
twitter,drogas,delito,2
twitter,hurto,delito,1
twitter,joven,delito,25
twitter,jóvenes,delito,2
twitter,libertad,delito,2
twitter,música,delito,1
twitter,violencia,delito,2
post_facebook,adolescente,creatividad,1
post_facebook,amigos,creatividad,13
post_facebook,arte,creatividad,52
post_facebook,botija,creatividad,1
post_facebook,creatividad,creatividad,453
post_facebook,delito,creatividad,1
post_facebook,deporte,creatividad,7
post_facebook,derechos,creatividad,21
post_facebook,diversión,creatividad,3
post_facebook,drogas,creatividad,1
post_facebook,educación,creatividad,42
post_facebook,esperanza,creatividad,10
post_facebook,familia,creatividad,7
post_facebook,fecundidad,creatividad,1
post_facebook,fútbol,creatividad,2
post_facebook,futuro,creatividad,12
post_facebook,innovación,creatividad,42
post_facebook,joven,creatividad,6
post_facebook,jóvenes,creatividad,29
post_facebook,juventud,creatividad,1
post_facebook,libertad,creatividad,40
post_facebook,menores,creatividad,21
post_facebook,música,creatividad,47
post_facebook,rapiña,creatividad,2
post_facebook,salud,creatividad,3
post_facebook,sexualidad,creatividad,1
post_facebook,tecnología,creatividad,19
post_facebook,trabajador,creatividad,1
post_facebook,violencia,creatividad,28
twitter,arte,creatividad,1
twitter,creatividad,creatividad,102
twitter,educación,creatividad,3
twitter,innovación,creatividad,4
twitter,jóvenes,creatividad,3
twitter,juventud,creatividad,2
twitter,libertad,creatividad,1
twitter,música,creatividad,3
twitter,tecnología,creatividad,1
twitter,violencia,creatividad,1
post_facebook,adolescente,botija,1
post_facebook,amigos,botija,5
post_facebook,botija,botija,164
post_facebook,creatividad,botija,1
post_facebook,delito,botija,1
post_facebook,deporte,botija,1
post_facebook,derechos,botija,7
post_facebook,drogas,botija,2
post_facebook,educación,botija,13
post_facebook,esperanza,botija,2
post_facebook,familia,botija,4
post_facebook,fútbol,botija,9
post_facebook,futuro,botija,7
post_facebook,guacho,botija,1
post_facebook,gurí,botija,2
post_facebook,joven,botija,2
post_facebook,jóvenes,botija,15
post_facebook,juventud,botija,1
post_facebook,libertad,botija,14
post_facebook,menores,botija,22
post_facebook,música,botija,1
post_facebook,pibe,botija,5
post_facebook,porro,botija,2
post_facebook,rapiña,botija,2
post_facebook,salud,botija,1
post_facebook,violencia,botija,27
twitter,botija,botija,46
twitter,fútbol,botija,1
twitter,pibe,botija,1
post_facebook,aborto,arte,9
post_facebook,adolescente,arte,5
post_facebook,alcohol,arte,3
post_facebook,amigos,arte,137
post_facebook,arte,arte,"3,570"
post_facebook,creatividad,arte,52
post_facebook,delito,arte,27
post_facebook,deporte,arte,45
post_facebook,derechos,arte,116
post_facebook,diversión,arte,4
post_facebook,drogas,arte,6
post_facebook,educación,arte,132
post_facebook,esperanza,arte,25
post_facebook,estudiante,arte,15
post_facebook,familia,arte,69
post_facebook,fútbol,arte,36
post_facebook,futuro,arte,43
post_facebook,guacho,arte,4
post_facebook,innovación,arte,20
post_facebook,joven,arte,81
post_facebook,jóvenes,arte,134
post_facebook,juventud,arte,203
post_facebook,juventudes,arte,10
post_facebook,libertad,arte,58
post_facebook,menores,arte,9
post_facebook,música,arte,246
post_facebook,pibe,arte,1
post_facebook,porro,arte,2
post_facebook,rapiña,arte,1
post_facebook,revolución,arte,9
post_facebook,robo,arte,20
post_facebook,salud,arte,34
post_facebook,sexo,arte,13
post_facebook,sexualidad,arte,4
post_facebook,tecnología,arte,62
post_facebook,trabajador,arte,7
post_facebook,violencia,arte,33
twitter,amigos,arte,3
twitter,arte,arte,728
twitter,creatividad,arte,1
twitter,delito,arte,1
twitter,diversión,arte,1
twitter,educación,arte,11
twitter,estudiante,arte,1
twitter,familia,arte,2
twitter,fútbol,arte,3
twitter,futuro,arte,1
twitter,innovación,arte,1
twitter,joven,arte,14
twitter,jóvenes,arte,12
twitter,juventud,arte,26
twitter,música,arte,29
twitter,revolución,arte,1
twitter,salud,arte,2
twitter,sexualidad,arte,1
twitter,tecnología,arte,5
twitter,violencia,arte,4
post_facebook,aborto,arrebato,3
post_facebook,amigos,arrebato,2
post_facebook,arrebato,arrebato,30
post_facebook,derechos,arrebato,1
post_facebook,educación,arrebato,2
post_facebook,esperanza,arrebato,1
post_facebook,familia,arrebato,2
post_facebook,futuro,arrebato,3
post_facebook,hurto,arrebato,1
post_facebook,joven,arrebato,2
post_facebook,libertad,arrebato,1
post_facebook,menores,arrebato,2
post_facebook,rapiña,arrebato,1
post_facebook,robo,arrebato,3
twitter,arrebato,arrebato,24
twitter,joven,arrebato,2
twitter,menores,arrebato,2
post_facebook,aborto,amigos,50
post_facebook,adolescente,amigos,39
post_facebook,alcohol,amigos,37
post_facebook,amigos,amigos,"15,604"
post_facebook,arrebato,amigos,2
post_facebook,arte,amigos,137
post_facebook,botija,amigos,5
post_facebook,creatividad,amigos,13
post_facebook,delito,amigos,50
post_facebook,deporte,amigos,119
post_facebook,derechos,amigos,219
post_facebook,diversión,amigos,15
post_facebook,drogas,amigos,44
post_facebook,educación,amigos,163
post_facebook,esperanza,amigos,162
post_facebook,estudiante,amigos,25
post_facebook,familia,amigos,"1,773"
post_facebook,fútbol,amigos,276
post_facebook,futuro,amigos,203
post_facebook,guacho,amigos,4
post_facebook,gurí,amigos,1
post_facebook,hurto,amigos,4
post_facebook,infracción,amigos,1
post_facebook,innovación,amigos,3
post_facebook,joven,amigos,144
post_facebook,jóvenes,amigos,127
post_facebook,juventud,amigos,70
post_facebook,juventudes,amigos,7
post_facebook,libertad,amigos,161
post_facebook,menores,amigos,113
post_facebook,música,amigos,308
post_facebook,pibe,amigos,6
post_facebook,plancha,amigos,1
post_facebook,porro,amigos,8
post_facebook,rapiña,amigos,5
post_facebook,revolución,amigos,32
post_facebook,robo,amigos,58
post_facebook,salud,amigos,553
post_facebook,sexo,amigos,40
post_facebook,sexualidad,amigos,6
post_facebook,tecnología,amigos,41
post_facebook,trabajador,amigos,27
post_facebook,violencia,amigos,167
twitter,aborto,amigos,1
twitter,adolescente,amigos,2
twitter,amigos,amigos,"3,541"
twitter,arte,amigos,3
twitter,derechos,amigos,1
twitter,diversión,amigos,10
twitter,drogas,amigos,1
twitter,familia,amigos,108
twitter,fútbol,amigos,24
twitter,futuro,amigos,1
twitter,joven,amigos,5
twitter,jóvenes,amigos,9
twitter,juventud,amigos,1
twitter,libertad,amigos,2
twitter,menores,amigos,1
twitter,música,amigos,31
twitter,porro,amigos,1
twitter,salud,amigos,15
twitter,violencia,amigos,2
post_facebook,aborto,alcohol,14
post_facebook,adolescente,alcohol,22
post_facebook,alcohol,alcohol,"1,178"
post_facebook,amigos,alcohol,37
post_facebook,arte,alcohol,3
post_facebook,delito,alcohol,9
post_facebook,deporte,alcohol,26
post_facebook,derechos,alcohol,31
post_facebook,diversión,alcohol,2
post_facebook,drogas,alcohol,278
post_facebook,educación,alcohol,32
post_facebook,esperanza,alcohol,4
post_facebook,estudiante,alcohol,2
post_facebook,familia,alcohol,80
post_facebook,fútbol,alcohol,27
post_facebook,futuro,alcohol,29
post_facebook,infracción,alcohol,16
post_facebook,joven,alcohol,29
post_facebook,jóvenes,alcohol,68
post_facebook,juventud,alcohol,10
post_facebook,libertad,alcohol,16
post_facebook,menores,alcohol,61
post_facebook,música,alcohol,17
post_facebook,pibe,alcohol,9
post_facebook,porro,alcohol,9
post_facebook,rapiña,alcohol,1
post_facebook,revolución,alcohol,6
post_facebook,robo,alcohol,5
post_facebook,salud,alcohol,121
post_facebook,sexo,alcohol,8
post_facebook,sexualidad,alcohol,2
post_facebook,tecnología,alcohol,12
post_facebook,trabajador,alcohol,3
post_facebook,violencia,alcohol,47
twitter,alcohol,alcohol,302
twitter,deporte,alcohol,1
twitter,drogas,alcohol,26
twitter,educación,alcohol,2
twitter,joven,alcohol,2
twitter,jóvenes,alcohol,1
twitter,menores,alcohol,9
twitter,salud,alcohol,3
twitter,sexo,alcohol,1
twitter,tecnología,alcohol,1
twitter,violencia,alcohol,1
post_facebook,aborto,adolescente,50
post_facebook,adolescente,adolescente,942
post_facebook,alcohol,adolescente,22
post_facebook,amigos,adolescente,39
post_facebook,arte,adolescente,5
post_facebook,botija,adolescente,1
post_facebook,creatividad,adolescente,1
post_facebook,delito,adolescente,10
post_facebook,deporte,adolescente,4
post_facebook,derechos,adolescente,114
post_facebook,diversión,adolescente,1
post_facebook,drogas,adolescente,16
post_facebook,educación,adolescente,39
post_facebook,esperanza,adolescente,7
post_facebook,estudiante,adolescente,3
post_facebook,familia,adolescente,124
post_facebook,fecundidad,adolescente,1
post_facebook,fútbol,adolescente,17
post_facebook,futuro,adolescente,18
post_facebook,infracción,adolescente,2
post_facebook,joven,adolescente,91
post_facebook,jóvenes,adolescente,92
post_facebook,juventud,adolescente,9
post_facebook,juventudes,adolescente,7
post_facebook,libertad,adolescente,44
post_facebook,menores,adolescente,55
post_facebook,música,adolescente,13
post_facebook,pibe,adolescente,5
post_facebook,porro,adolescente,1
post_facebook,rapiña,adolescente,5
post_facebook,revolución,adolescente,1
post_facebook,robo,adolescente,2
post_facebook,salud,adolescente,103
post_facebook,sexo,adolescente,7
post_facebook,sexualidad,adolescente,2
post_facebook,tecnología,adolescente,10
post_facebook,trabajador,adolescente,1
post_facebook,violencia,adolescente,76
twitter,adolescente,adolescente,141
twitter,amigos,adolescente,2
twitter,deporte,adolescente,1
twitter,educación,adolescente,1
twitter,familia,adolescente,1
twitter,jóvenes,adolescente,1
twitter,libertad,adolescente,1
twitter,robo,adolescente,1
twitter,salud,adolescente,2
twitter,violencia,adolescente,3
post_facebook,aborto,aborto,"4,231"
post_facebook,adolescente,aborto,50
post_facebook,alcohol,aborto,14
post_facebook,amigos,aborto,50
post_facebook,arrebato,aborto,3
post_facebook,arte,aborto,9
post_facebook,delito,aborto,59
post_facebook,deporte,aborto,4
post_facebook,derechos,aborto,425
post_facebook,drogas,aborto,16
post_facebook,educación,aborto,144
post_facebook,esperanza,aborto,83
post_facebook,estudiante,aborto,6
post_facebook,familia,aborto,159
post_facebook,futuro,aborto,173
post_facebook,hurto,aborto,3
post_facebook,innovación,aborto,4
post_facebook,joven,aborto,49
post_facebook,jóvenes,aborto,85
post_facebook,juventud,aborto,10
post_facebook,libertad,aborto,63
post_facebook,menores,aborto,49
post_facebook,música,aborto,3
post_facebook,porro,aborto,2
post_facebook,rapiña,aborto,3
post_facebook,revolución,aborto,5
post_facebook,salud,aborto,564
post_facebook,sexo,aborto,44
post_facebook,sexualidad,aborto,14
post_facebook,tecnología,aborto,14
post_facebook,trabajador,aborto,4
post_facebook,violencia,aborto,91
twitter,aborto,aborto,91
twitter,amigos,aborto,1
twitter,educación,aborto,1
twitter,libertad,aborto,1
twitter,salud,aborto,3
